Training Size,Training Accuracy,Validation Accuracy
5000,0.9604,0.9441666666666667
10000,0.965,0.9568333333333333
20000,0.96845,0.9635833333333333
40000,0.9714,0.9683333333333334
48000,0.9713541666666666,0.9688333333333333
