C,Learning Rate,Epochs,Batch Size,Accuracy,Macro F1,Weighted F1
0.1,0.001,20,512,0.8625833333333334,0.8623266209729025,0.8621656181974986
1.0,0.001,20,512,0.9175833333333333,0.9171645337346093,0.9173305630079653
5.0,0.001,20,512,0.9581666666666667,0.9580648394836686,0.9581320760712482
10.0,0.001,20,512,0.96475,0.9646474713497094,0.9647318331458344
1.0,0.003,20,512,0.93775,0.9375852188805046,0.9376536461244203
1.0,0.0005,40,512,0.9174166666666667,0.9169901057532241,0.9171657439185977
