C,Training Accuracy,Validation Accuracy
0.01,0.8500833333333333,0.8511666666666666
0.1,0.8603333333333333,0.8625833333333334
1.0,0.9200416666666666,0.9175833333333333
5.0,0.9604375,0.9581666666666667
10.0,0.9669583333333334,0.96475
20.0,0.9712708333333333,0.96825
