Model,Accuracy,Macro Precision,Macro Recall,Macro F1,Weighted Precision,Weighted Recall,Weighted F1
One-vs-Rest Linear SVM — PCA Full Training Data,0.8093333333333333,0.8213660884400484,0.8048177437341997,0.8026902270277996,0.8190485509448259,0.8093333333333333,0.8040118136280979
One-vs-Rest Linear SVM — HOG Full Training Data,0.9175833333333333,0.9203593551066543,0.9161840010743176,0.9171645337346093,0.9192932235036426,0.9175833333333333,0.9173305630079653
