{
    "flatten": {
        "model": "Multinomial Logistic Regression (flatten)",
        "accuracy": 0.9058,
        "macro_precision": 0.9051185421780163,
        "macro_recall": 0.9045469884693087,
        "macro_f1": 0.9043805188117364,
        "weighted_precision": 0.9056403987815591,
        "weighted_recall": 0.9058,
        "weighted_f1": 0.9052670551277113,
        "per_class_precision": [
            0.9266409266409267,
            0.9269521410579346,
            0.9311064718162839,
            0.8979187314172448,
            0.8808837656099904,
            0.8878394332939787,
            0.925849639546859,
            0.9020368574199806,
            0.8782327586206896,
            0.8937246963562753
        ],
        "per_class_recall": [
            0.9795918367346939,
            0.9726872246696036,
            0.8643410852713178,
            0.897029702970297,
            0.9338085539714868,
            0.8430493273542601,
            0.9384133611691023,
            0.9046692607003891,
            0.8367556468172485,
            0.8751238850346879
        ],
        "per_class_f1": [
            0.9523809523809523,
            0.94926913155632,
            0.8964824120603015,
            0.8974739970282318,
            0.9065743944636677,
            0.8648648648648649,
            0.9320891653706584,
            0.9033511413307432,
            0.8569926393270241,
            0.8843264897346018
        ]
    },
    "pca": {
        "model": "Multinomial Logistic Regression (pca)",
        "accuracy": 0.8709,
        "macro_precision": 0.8718335838209489,
        "macro_recall": 0.8687347091904284,
        "macro_f1": 0.8688206021435766,
        "weighted_precision": 0.8717524807297914,
        "weighted_recall": 0.8709,
        "weighted_f1": 0.8698654366864231,
        "per_class_precision": [
            0.9205882352941176,
            0.8608287724784989,
            0.9241917502787068,
            0.8609467455621301,
            0.8336501901140685,
            0.8736842105263158,
            0.8902316213494461,
            0.8721951219512195,
            0.8457446808510638,
            0.8362745098039216
        ],
        "per_class_recall": [
            0.9581632653061225,
            0.9700440528634361,
            0.8032945736434108,
            0.8643564356435643,
            0.8930753564154786,
            0.7443946188340808,
            0.9227557411273486,
            0.8696498054474708,
            0.8162217659137577,
            0.8453914767096135
        ],
        "per_class_f1": [
            0.939,
            0.9121789560894781,
            0.8595127008812856,
            0.8626482213438735,
            0.8623402163225172,
            0.8038740920096853,
            0.9062019477191183,
            0.8709206039941549,
            0.8307210031347961,
            0.8408082799408576
        ]
    },
    "hog": {
        "model": "Multinomial Logistic Regression (hog)",
        "accuracy": 0.961,
        "macro_precision": 0.9611983511839375,
        "macro_recall": 0.9606121521852999,
        "macro_f1": 0.9608356988958345,
        "weighted_precision": 0.961062184387253,
        "weighted_recall": 0.961,
        "weighted_f1": 0.9609578502086786,
        "per_class_precision": [
            0.9571286141575274,
            0.9583687340696686,
            0.960668633235005,
            0.963220675944334,
            0.9813278008298755,
            0.9670079635949943,
            0.9686847599164927,
            0.9585389930898321,
            0.9456967213114754,
            0.9513406156901688
        ],
        "per_class_recall": [
            0.9795918367346939,
            0.9938325991189427,
            0.9467054263565892,
            0.9594059405940594,
            0.9633401221995926,
            0.952914798206278,
            0.9686847599164927,
            0.9445525291828794,
            0.9476386036960985,
            0.9494549058473737
        ],
        "per_class_f1": [
            0.9682299546142208,
            0.9757785467128027,
            0.9536359199609565,
            0.9613095238095238,
            0.9722507708119218,
            0.9599096555618294,
            0.9686847599164927,
            0.9514943655071043,
            0.9466666666666667,
            0.9503968253968254
        ]
    }
}