{
    "lambda_0": {
        "metrics": {
            "model": "Multinomial LogReg HOG \u03bb=0",
            "accuracy": 0.9635833333333333,
            "macro_precision": 0.9637811940287364,
            "macro_recall": 0.9631983844996755,
            "macro_f1": 0.9634276654601173,
            "weighted_precision": 0.9636596715813581,
            "weighted_recall": 0.9635833333333333,
            "weighted_f1": 0.9635561915010027,
            "per_class_precision": [
                0.9703389830508474,
                0.9547775346462436,
                0.9565957446808511,
                0.9772727272727273,
                0.9740932642487047,
                0.9697802197802198,
                0.96875,
                0.9602750190985485,
                0.9486062717770035,
                0.9573221757322176
            ],
            "per_class_recall": [
                0.9744680851063829,
                0.9901664145234493,
                0.9574105621805792,
                0.9524200164068909,
                0.9591836734693877,
                0.9592391304347826,
                0.9745114698385726,
                0.9676674364896074,
                0.9387931034482758,
                0.9581239530988275
            ],
            "per_class_f1": [
                0.9723991507430997,
                0.9721500185666543,
                0.9570029799914858,
                0.9646863315330287,
                0.9665809768637533,
                0.9644808743169399,
                0.9716221939855993,
                0.963957055214724,
                0.9436741767764298,
                0.95772289660946
            ]
        },
        "final_train_acc": 0.9689375,
        "final_val_acc": 0.9635833333333333,
        "final_train_loss": 0.13918458596959796,
        "final_val_loss": 0.14571692210934198
    },
    "lambda_0.01": {
        "metrics": {
            "model": "Multinomial LogReg HOG \u03bb=0.01",
            "accuracy": 0.9635833333333333,
            "macro_precision": 0.9637811940287364,
            "macro_recall": 0.9631983844996755,
            "macro_f1": 0.9634276654601173,
            "weighted_precision": 0.9636596715813581,
            "weighted_recall": 0.9635833333333333,
            "weighted_f1": 0.9635561915010027,
            "per_class_precision": [
                0.9703389830508474,
                0.9547775346462436,
                0.9565957446808511,
                0.9772727272727273,
                0.9740932642487047,
                0.9697802197802198,
                0.96875,
                0.9602750190985485,
                0.9486062717770035,
                0.9573221757322176
            ],
            "per_class_recall": [
                0.9744680851063829,
                0.9901664145234493,
                0.9574105621805792,
                0.9524200164068909,
                0.9591836734693877,
                0.9592391304347826,
                0.9745114698385726,
                0.9676674364896074,
                0.9387931034482758,
                0.9581239530988275
            ],
            "per_class_f1": [
                0.9723991507430997,
                0.9721500185666543,
                0.9570029799914858,
                0.9646863315330287,
                0.9665809768637533,
                0.9644808743169399,
                0.9716221939855993,
                0.963957055214724,
                0.9436741767764298,
                0.95772289660946
            ]
        },
        "final_train_acc": 0.9689375,
        "final_val_acc": 0.9635833333333333,
        "final_train_loss": 0.13918610798001255,
        "final_val_loss": 0.1457221273635492
    },
    "lambda_0.1": {
        "metrics": {
            "model": "Multinomial LogReg HOG \u03bb=0.1",
            "accuracy": 0.9635833333333333,
            "macro_precision": 0.9637811940287364,
            "macro_recall": 0.9631983844996755,
            "macro_f1": 0.9634276654601173,
            "weighted_precision": 0.9636596715813581,
            "weighted_recall": 0.9635833333333333,
            "weighted_f1": 0.9635561915010027,
            "per_class_precision": [
                0.9703389830508474,
                0.9547775346462436,
                0.9565957446808511,
                0.9772727272727273,
                0.9740932642487047,
                0.9697802197802198,
                0.96875,
                0.9602750190985485,
                0.9486062717770035,
                0.9573221757322176
            ],
            "per_class_recall": [
                0.9744680851063829,
                0.9901664145234493,
                0.9574105621805792,
                0.9524200164068909,
                0.9591836734693877,
                0.9592391304347826,
                0.9745114698385726,
                0.9676674364896074,
                0.9387931034482758,
                0.9581239530988275
            ],
            "per_class_f1": [
                0.9723991507430997,
                0.9721500185666543,
                0.9570029799914858,
                0.9646863315330287,
                0.9665809768637533,
                0.9644808743169399,
                0.9716221939855993,
                0.963957055214724,
                0.9436741767764298,
                0.95772289660946
            ]
        },
        "final_train_acc": 0.9689375,
        "final_val_acc": 0.9635833333333333,
        "final_train_loss": 0.13919980570333682,
        "final_val_loss": 0.14576897306622474
    },
    "lambda_1": {
        "metrics": {
            "model": "Multinomial LogReg HOG \u03bb=1",
            "accuracy": 0.9635833333333333,
            "macro_precision": 0.9637811940287364,
            "macro_recall": 0.9631983844996755,
            "macro_f1": 0.9634276654601173,
            "weighted_precision": 0.9636596715813581,
            "weighted_recall": 0.9635833333333333,
            "weighted_f1": 0.9635561915010027,
            "per_class_precision": [
                0.9703389830508474,
                0.9547775346462436,
                0.9565957446808511,
                0.9772727272727273,
                0.9740932642487047,
                0.9697802197802198,
                0.96875,
                0.9602750190985485,
                0.9486062717770035,
                0.9573221757322176
            ],
            "per_class_recall": [
                0.9744680851063829,
                0.9901664145234493,
                0.9574105621805792,
                0.9524200164068909,
                0.9591836734693877,
                0.9592391304347826,
                0.9745114698385726,
                0.9676674364896074,
                0.9387931034482758,
                0.9581239530988275
            ],
            "per_class_f1": [
                0.9723991507430997,
                0.9721500185666543,
                0.9570029799914858,
                0.9646863315330287,
                0.9665809768637533,
                0.9644808743169399,
                0.9716221939855993,
                0.963957055214724,
                0.9436741767764298,
                0.95772289660946
            ]
        },
        "final_train_acc": 0.9689375,
        "final_val_acc": 0.9635833333333333,
        "final_train_loss": 0.13933674627783774,
        "final_val_loss": 0.1462372732092649
    },
    "lambda_10": {
        "metrics": {
            "model": "Multinomial LogReg HOG \u03bb=10",
            "accuracy": 0.9635833333333333,
            "macro_precision": 0.9637811940287364,
            "macro_recall": 0.9631983844996755,
            "macro_f1": 0.9634276654601173,
            "weighted_precision": 0.9636596715813581,
            "weighted_recall": 0.9635833333333333,
            "weighted_f1": 0.9635561915010027,