{
    "model": "Multinomial Logistic Regression Baseline",
    "accuracy": 0.961,
    "macro_precision": 0.9611983511839375,
    "macro_recall": 0.9606121521852999,
    "macro_f1": 0.9608356988958345,
    "weighted_precision": 0.961062184387253,
    "weighted_recall": 0.961,
    "weighted_f1": 0.9609578502086786,
    "per_class_precision": [
        0.9571286141575274,
        0.9583687340696686,
        0.960668633235005,
        0.963220675944334,
        0.9813278008298755,
        0.9670079635949943,
        0.9686847599164927,
        0.9585389930898321,
        0.9456967213114754,
        0.9513406156901688
    ],
    "per_class_recall": [
        0.9795918367346939,
        0.9938325991189427,
        0.9467054263565892,
        0.9594059405940594,
        0.9633401221995926,
        0.952914798206278,
        0.9686847599164927,
        0.9445525291828794,
        0.9476386036960985,
        0.9494549058473737
    ],
    "per_class_f1": [
        0.9682299546142208,
        0.9757785467128027,
        0.9536359199609565,
        0.9613095238095238,
        0.9722507708119218,
        0.9599096555618294,
        0.9686847599164927,
        0.9514943655071043,
        0.9466666666666667,
        0.9503968253968254
    ]
}