{
    "model": "Final Multinomial Logistic Regression",
    "accuracy": 0.9672,
    "macro_precision": 0.9672967877209377,
    "macro_recall": 0.9668591401544351,
    "macro_f1": 0.9670309849562135,
    "weighted_precision": 0.9672330446061336,
    "weighted_recall": 0.9672,
    "weighted_f1": 0.967167710091613,
    "per_class_precision": [
        0.9601196410767697,
        0.9682675814751286,
        0.9667644183773216,
        0.9663032705649157,
        0.9814814814814815,
        0.9727582292849035,
        0.9728033472803347,
        0.9628180039138943,
        0.9549180327868853,
        0.9667338709677419
    ],
    "per_class_recall": [
        0.9826530612244898,
        0.9947136563876652,
        0.9583333333333334,
        0.9653465346534653,
        0.9714867617107943,
        0.9607623318385651,
        0.9707724425887265,
        0.9571984435797666,
        0.9568788501026694,
        0.9504459861248761
    ],
    "per_class_f1": [
        0.9712556732223904,
        0.9813124728378965,
        0.9625304136253041,
        0.9658246656760773,
        0.9764585465711362,
        0.9667230682459109,
        0.9717868338557992,
        0.96,
        0.9558974358974358,
        0.9585207396301849
    ]
}