{
    "lr_0.001": {
        "metrics": {
            "model": "Multinomial LogReg HOG lr=0.001",
            "accuracy": 0.8663333333333333,
            "macro_precision": 0.8778114615089825,
            "macro_recall": 0.8637330799037277,
            "macro_f1": 0.865779126117786,
            "weighted_precision": 0.8753027715989077,
            "weighted_recall": 0.8663333333333333,
            "weighted_f1": 0.865694300083169,
            "per_class_precision": [
                0.8946945337620579,
                0.7271205357142857,
                0.9017933390264731,
                0.8627615062761507,
                0.9715536105032823,
                0.8975712777191129,
                0.9048387096774193,
                0.8275623268698061,
                0.8906882591093117,
                0.8995305164319248
            ],
            "per_class_recall": [
                0.9472340425531914,
                0.9856278366111951,
                0.899488926746167,
                0.8457752255947498,
                0.7551020408163265,
                0.769927536231884,
                0.9532710280373832,
                0.9199384141647421,
                0.7586206896551724,
                0.8023450586264657
            ],
            "per_class_f1": [
                0.920214964861513,
                0.8368657675016056,
                0.9006396588486141,
                0.8541839270919637,
                0.8497607655502392,
                0.8288639687957094,
                0.9284236657012825,
                0.8713087860007291,
                0.8193668528864059,
                0.8481629039397963
            ]
        },
        "final_train_acc": 0.8643333333333333,
        "final_val_acc": 0.8663333333333333,
        "final_train_loss": 1.5306581413803713,
        "final_val_loss": 1.531817297020018
    },
    "lr_0.01": {
        "metrics": {
            "model": "Multinomial LogReg HOG lr=0.01",
            "accuracy": 0.9291666666666667,
            "macro_precision": 0.9310348848462524,
            "macro_recall": 0.9283049362036275,
            "macro_f1": 0.9290963187132091,
            "weighted_precision": 0.9302840996905593,
            "weighted_recall": 0.9291666666666667,
            "weighted_f1": 0.9291238802813664,
            "per_class_precision": [
                0.9436974789915966,
                0.8735785953177257,
                0.9369527145359019,
                0.9382924767540152,
                0.960644007155635,
                0.9558541266794626,
                0.9502529510961214,
                0.9375487900078064,
                0.9036251105216623,
                0.9099025974025974
            ],
            "per_class_recall": [
                0.9557446808510638,
                0.9878971255673222,
                0.9114139693356048,
                0.9105824446267432,
                0.9132653061224489,
                0.9021739130434783,
                0.9575191163976211,
                0.9245573518090839,
                0.8810344827586207,
                0.9388609715242882
            ],
            "per_class_f1": [
                0.9496828752642705,
                0.9272275470358537,
                0.9240069084628669,
                0.9242298084929226,
                0.9363557105492588,
                0.9282385834109971,
                0.9538721963605585,
                0.9310077519379845,
                0.8921868179834134,
                0.9241549876339654
            ]
        },
        "final_train_acc": 0.9311875,
        "final_val_acc": 0.9291666666666667,
        "final_train_loss": 0.43024862775400435,
        "final_val_loss": 0.4316069370190741
    },
    "lr_0.05": {
        "metrics": {
            "model": "Multinomial LogReg HOG lr=0.05",
            "accuracy": 0.95775,
            "macro_precision": 0.9581751886095858,
            "macro_recall": 0.9573240362015338,
            "macro_f1": 0.9576397169588129,
            "weighted_precision": 0.9579202376546236,
            "weighted_recall": 0.95775,
            "weighted_f1": 0.9577184243332646,
            "per_class_precision": [
                0.9701873935264055,
                0.9390681003584229,
                0.9530315969257045,
                0.9729272419627749,
                0.9697754749568221,
                0.9660238751147842,
                0.9670050761421319,
                0.9547198772064467,
                0.9413823272090989,
                0.9476309226932669
            ],
            "per_class_recall": [
                0.9693617021276596,
                0.9909228441754917,
                0.9505962521294719,
                0.9433962264150944,
                0.9549319727891157,
                0.9528985507246377,
                0.9711129991503823,
                0.9576597382602001,
                0.9275862068965517,
                0.9547738693467337
            ],
            "per_class_f1": [
                0.9697743720732226,
                0.9642988590357011,
                0.9518123667377398,
                0.9579341940857976,
                0.9622964867180805,
                0.9594163246694026,
                0.9690546841882154,
                0.9561875480399693,
                0.9344333478072079,
                0.951188986232791
            ]
        },
        "final_train_acc": 0.9610416666666667,
        "final_val_acc": 0.95775,
        "final_train_loss": 0.18748395473621016,
        "final_val_loss": 0.19183535643825322
    },
    "lr_0.1": {
        "metrics": {
            "model": "Multinomial LogReg HOG lr=0.1",
            "accuracy": 0.9635833333333333,
            "macro_precision": 0.9637811940287364,
            "macro_recall": 0.9631983844996755,
            "macro_f1": 0.9634276654601173,
            "weighted_precision": 0.9636596715813581,
            "weighted_recall": 0.9635833333333333,
            "weighted_f1": 0.9635561915010027,
            "per_class_precision": [
                0.9703389830508474,
                0.9547775346462436,
                0.9565957446808511,
                0.9772727272727273,
                0.9740932642487047,
                0.9697802197802198,
                0.96875,
                0.9602750190985485,
                0.9486062717770035,
                0.9573221757322176
            ],
            "per_class_recall": [
                0.9744680851063829,
                0.9901664145234493,
                0.9574105621805792,
                0.9524200164068909,
                0.9591836734693877,
                0.9592391304347826,
                0.9745114698385726,
                0.9676674364896074,
                0.9387931034482758,
                0.9581239530988275
            ],
            "per_class_f1": [
                0.9723991507430997,
                0.9721500185666543,
                0.9570029799914858,
                0.9646863315330287,
                0.9665809768637533,
                0.9644808743169399,
                0.9716221939855993,
                0.963957055214724,
                0.9436741767764298,
                0.95772289660946
            ]
        },
        "final_train_acc": 0.9689375,
        "final_val_acc": 0.9635833333333333,
        "final_train_loss": 0.13918610798001255,
        "final_val_loss": 0.1457221273635492
    }
}