{"lambda_0": {"model": "HOG + LogReg (L2 \u03bb=0, thr=0.6)", "accuracy": 0.9911, "precision": 0.957968476357268, "recall": 0.9638766519823788, "f1_score": 0.9609134826526131}, "lambda_0.001": {"model": "HOG + LogReg (L2 \u03bb=0.001, thr=0.6)", "accuracy": 0.991, "precision": 0.9571303587051618, "recall": 0.9638766519823788, "f1_score": 0.9604916593503072}, "lambda_0.01": {"model": "HOG + LogReg (L2 \u03bb=0.01, thr=0.6)", "accuracy": 0.9911, "precision": 0.9587719298245614, "recall": 0.9629955947136564, "f1_score": 0.9608791208791209}, "lambda_0.1": {"model": "HOG + LogReg (L2 \u03bb=0.1, thr=0.6)", "accuracy": 0.9911, "precision": 0.9587719298245614, "recall": 0.9629955947136564, "f1_score": 0.9608791208791209}}