{"model": "PCA + Logistic (L2)", "accuracy": 0.9801, "precision": 0.9814814814814815, "recall": 0.8405286343612335, "f1_score": 0.9055529188419553}