{"thr_0.4": {"model": "LogReg (L2, thr=0.4)", "accuracy": 0.9667, "precision": 0.7816011235955056, "recall": 0.9806167400881057, "f1_score": 0.8698710433763188}, "thr_0.5": {"model": "LogReg (L2, thr=0.5)", "accuracy": 0.979, "precision": 0.8644602048857368, "recall": 0.9665198237885463, "f1_score": 0.9126455906821963}, "thr_0.6": {"model": "LogReg (L2, thr=0.6)", "accuracy": 0.9851, "precision": 0.9264705882352942, "recall": 0.9436123348017621, "f1_score": 0.9349628982976868}, "thr_0.7": {"model": "LogReg (L2, thr=0.7)", "accuracy": 0.9861, "precision": 0.9662921348314607, "recall": 0.9092511013215859, "f1_score": 0.9369042215161145}}