{"model": "Logistic Regression (L2) - Baseline (thr=0.5)", "accuracy": 0.979, "precision": 0.8644602048857368, "recall": 0.9665198237885463, "f1_score": 0.9126455906821963}