{"model": "Flatten + Logistic (L2)", "accuracy": 0.9851, "precision": 0.9264705882352942, "recall": 0.9436123348017621, "f1_score": 0.9349628982976868}